{"shortid":"ByfhAoRZS","recipe":"chrome-pdf","engine":"handlebars","modificationDate":"2019-07-24T01:23:21.659Z","_id":"2p0LXb1eHVXg35B2","data":null,"name":"demoTemplate","content":"<style>\n    table{\n        width: 100%;\n        font-family: Verdana;\n    }\n    thead tr th{\n        text-align: center;\n        font-size: 15px;\n        font-weight: bold;\n        border-bottom: 1px solid black;\n        padding: 5px;\n    }\n    th{\n        \n    }\n    tbody tr td{\n        text-align: center;\n        font-size: 13px;\n        padding: 5px;\n        font-weight: 500;\n    }\n</style>\n<table cellspacing=\"0\">\n    <thead>\n        <tr>\n            <th>ID</th>\n            <th>Name</th>\n            <th>Company</th>\n            <th>StartDateTime</th>\n        </tr>\n    </thead>\n    <tbody>\n        {{#each DataSource}}\n        <tr>\n            <td>{{ID}}</td>\n            <td>{{User}}</td>\n            <td>{{Company}}</td>\n            <td>{{StartDateTime}}</td>\n        </tr>\n        {{/each}}\n    </tbody>\n</table>","helpers":"","folder":{"shortid":"V4mlNe0"},"creationDate":"2019-07-24T01:22:28.658Z"}